{"schemaVersion":"1.0","appDefinitionTemplate":{"id":"/providers/Microsoft.PowerApps/apps/","type":"Microsoft.PowerApps/apps","tags":{"primaryDeviceWidth":"1366","primaryDeviceHeight":"768","supportsPortrait":"true","supportsLandscape":"true","primaryFormFactor":"Tablet","showStatusBar":"false","publisherVersion":"3.24064.21","minimumRequiredApiVersion":"2.2.0","hasComponent":"false","hasUnlockedComponent":"false","isUnifiedRootApp":"false","sienaVersion":"20240709T220844Z-3.24064.21.0"},"properties":{"appVersion":"2024-07-09T22:08:44Z","lifeCycleId":"Published","createdByClientVersion":{"major":3,"minor":24064,"build":21,"revision":0,"majorRevision":0,"minorRevision":0},"minClientVersion":{"major":3,"minor":24064,"build":21,"revision":0,"majorRevision":0,"minorRevision":0},"backgroundColor":"RGBA(0,176,240,1)","backgroundImageUri":"/14392157796072731113/N7c704197-859f-4012-b915-0207e4d10ed3-logoSmallFile","displayName":"Catering Business App (Modern Button) - Vid 18 - Tier2","description":"","commitMessage":"","appUris":{"documentUri":{"value":"/14392157796072731113/N34960dbf-9690-4a00-b8ea-0370f18c146c-document.msapp"},"imageUris":[],"additionalUris":[{"isSolutionAware":false,"value":"/14392157796072731113/N424daec5-d3ed-4a62-b6ae-343542c85d95-identity.json"}]},"createdTime":"0001-01-01T00:00:00Z","lastModifiedTime":"0001-01-01T00:00:00Z","sharedGroupsCount":0,"sharedUsersCount":0,"connectionReferences":{},"databaseReferences":{},"almMode":"Solution","performanceOptimizationEnabled":true,"canConsumeAppPass":true,"enableModernRuntimeMode":false,"executionRestrictions":{"isTeamsOnly":false,"dataLossPreventionEvaluationResult":{"status":"Compliant","lastEvaluationDate":"2024-06-24T19:23:25.1309166Z","violations":[],"violationsByPolicy":[],"violationErrorMessage":"The app uses the following connectors: shared_commondataservice."}}},"appType":"ClassicCanvasApp","appComponents":[]}}