{"schemaVersion":"1.0","appDefinitionTemplate":{"id":"/providers/Microsoft.PowerApps/apps/","type":"Microsoft.PowerApps/apps","tags":{"primaryDeviceWidth":"1366","primaryDeviceHeight":"768","supportsPortrait":"true","supportsLandscape":"true","primaryFormFactor":"Tablet","showStatusBar":"false","publisherVersion":"3.24064.21","minimumRequiredApiVersion":"2.2.0","hasComponent":"false","hasUnlockedComponent":"false","isUnifiedRootApp":"false","sienaVersion":"20240709T220834Z-3.24064.21.0"},"properties":{"appVersion":"2024-07-09T22:08:34Z","lifeCycleId":"Published","createdByClientVersion":{"major":3,"minor":24064,"build":21,"revision":0,"majorRevision":0,"minorRevision":0},"minClientVersion":{"major":3,"minor":24064,"build":21,"revision":0,"majorRevision":0,"minorRevision":0},"backgroundColor":"RGBA(0,176,240,1)","backgroundImageUri":"/10038728275746672185/N2511926f-6eb9-408d-a717-9bc49080cbcc-logoSmallFile","displayName":"Catering Business App (Modern Button) - Vid 18 - Tier1","description":"","commitMessage":"","appUris":{"documentUri":{"value":"/10038728275746672185/N0bf9515a-0a2a-4f64-88e3-e09b0b7ebfcc-document.msapp"},"imageUris":[],"additionalUris":[{"isSolutionAware":false,"value":"/10038728275746672185/Ne3d16167-fd39-406a-a615-fe7de0683825-identity.json"}]},"createdTime":"0001-01-01T00:00:00Z","lastModifiedTime":"0001-01-01T00:00:00Z","sharedGroupsCount":0,"sharedUsersCount":0,"connectionReferences":{},"databaseReferences":{},"almMode":"Solution","performanceOptimizationEnabled":true,"canConsumeAppPass":true,"enableModernRuntimeMode":false,"executionRestrictions":{"isTeamsOnly":false,"dataLossPreventionEvaluationResult":{"status":"Compliant","lastEvaluationDate":"2024-06-24T19:24:09.0999822Z","violations":[],"violationsByPolicy":[],"violationErrorMessage":"The app uses the following connectors: shared_commondataservice."}}},"appType":"ClassicCanvasApp","appComponents":[]}}