{"schemaVersion":"1.0","appDefinitionTemplate":{"id":"/providers/Microsoft.PowerApps/apps/","type":"Microsoft.PowerApps/apps","tags":{"primaryDeviceWidth":"1366","primaryDeviceHeight":"768","supportsPortrait":"true","supportsLandscape":"true","primaryFormFactor":"Tablet","showStatusBar":"true","publisherVersion":"3.24082.13","minimumRequiredApiVersion":"2.2.0","hasComponent":"true","hasUnlockedComponent":"true","isUnifiedRootApp":"false","sienaVersion":"20240825T192728Z-3.24082.13.0"},"properties":{"appVersion":"2024-08-25T19:27:28Z","lifeCycleId":"Published","createdByClientVersion":{"major":3,"minor":24082,"build":13,"revision":0,"majorRevision":0,"minorRevision":0},"minClientVersion":{"major":3,"minor":24082,"build":13,"revision":0,"majorRevision":0,"minorRevision":0},"backgroundColor":"RGBA(0,176,240,1)","backgroundImageUri":"/9328868685745752800/Nfd2d8b63-efbe-4ffc-861b-9882483f6e60-logoSmallFile","displayName":"HospitalApp - Container Basics - Vid 20(Learner Template)","description":"","commitMessage":"","appUris":{"documentUri":{"value":"/9328868685745752800/N8bd29820-c645-486d-ab73-8b169968d645-document.msapp"},"imageUris":[],"additionalUris":[{"isSolutionAware":false,"value":"/9328868685745752800/Nd83de6ec-162b-449c-a176-297f0dddca53-identity.json"}]},"createdTime":"0001-01-01T00:00:00Z","lastModifiedTime":"0001-01-01T00:00:00Z","sharedGroupsCount":0,"sharedUsersCount":0,"connectionReferences":{},"databaseReferences":{"default.cds":{"databaseDetails":{"referenceType":"Environmental","environmentName":"default.cds","overrideValues":{"status":"NotSpecified","environmentVariableName":""}},"dataSources":{"Tasks":{"entitySetName":"tasks","logicalName":"task","isHidden":false},"Hospital Inspections":{"entitySetName":"vct_hospitalinspectionses","logicalName":"vct_hospitalinspections","isHidden":false}},"actions":["providers/PowerPlatform.Governance/Operations/Read"]}},"almMode":"Solution","performanceOptimizationEnabled":false,"canConsumeAppPass":false,"enableModernRuntimeMode":false,"executionRestrictions":{"isTeamsOnly":false,"dataLossPreventionEvaluationResult":{"status":"Compliant","lastEvaluationDate":"2024-08-25T19:21:54.4045696Z","violations":[],"violationsByPolicy":[],"violationErrorMessage":"The app uses the following connectors: shared_commondataservice."}}},"appType":"ClassicCanvasApp","appComponents":[]}}