{"schemaVersion":"1.0","appDefinitionTemplate":{"id":"/providers/Microsoft.PowerApps/apps/","type":"Microsoft.PowerApps/apps","tags":{"primaryDeviceWidth":"1366","primaryDeviceHeight":"768","supportsPortrait":"true","supportsLandscape":"true","primaryFormFactor":"Tablet","showStatusBar":"false","publisherVersion":"3.23122.17","minimumRequiredApiVersion":"2.2.0","hasComponent":"true","hasUnlockedComponent":"true","isUnifiedRootApp":"false","sienaVersion":"20231116T153036Z-3.23105.18.0","offlineLargeFilesSupport":"false"},"properties":{"appVersion":"2024-01-01T21:42:18Z","lifeCycleId":"Published","createdByClientVersion":{"major":3,"minor":23122,"build":17,"revision":0,"majorRevision":0,"minorRevision":0},"minClientVersion":{"major":3,"minor":23122,"build":17,"revision":0,"majorRevision":0,"minorRevision":0},"backgroundColor":"RGBA(0,176,240,1)","backgroundImageUri":"/16577646752054569845/N0a4c6f93-55ac-432d-a5a7-cd9b1a4d3a97-logoSmallFile","displayName":"Customer Servicing App (Form Designs Vid - Vid9)","description":"","commitMessage":"","appUris":{"documentUri":{"value":"/16577646752054569845/N0cbb1281-906f-4780-abdf-6b57b153fb7e-document.msapp"},"imageUris":[],"additionalUris":[{"isSolutionAware":false,"value":"/16577646752054569845/N9d5cd11d-6641-4e74-90e7-5e60ab6aef5b-identity.json"}]},"createdTime":"0001-01-01T00:00:00Z","lastModifiedTime":"0001-01-01T00:00:00Z","sharedGroupsCount":0,"sharedUsersCount":0,"connectionReferences":{},"databaseReferences":{"default.cds":{"databaseDetails":{"referenceType":"Environmental","environmentName":"default.cds","overrideValues":{"status":"NotSpecified","environmentVariableName":""}},"dataSources":{"Construction Products":{"entitySetName":"vct_constructionproductses","logicalName":"vct_constructionproducts"},"Users":{"entitySetName":"systemusers","logicalName":"systemuser"},"Servicing Appointments":{"entitySetName":"vct_servicingappointmentses","logicalName":"vct_servicingappointments"}},"actions":["providers/PowerPlatform.Governance/Operations/Read","providers/PowerPlatform.Governance/Operations/Write"]}},"almMode":"Solution","performanceOptimizationEnabled":true,"canConsumeAppPass":true,"enableModernRuntimeMode":false,"executionRestrictions":{"isTeamsOnly":false,"dataLossPreventionEvaluationResult":{"status":"Compliant","lastEvaluationDate":"2023-11-15T16:01:13.4847548Z","violations":[],"violationsByPolicy":[],"violationErrorMessage":"The app uses the following connectors: ."}}},"appType":"ClassicCanvasApp","appComponents":[]}}