{"schemaVersion":"1.0","appDefinitionTemplate":{"id":"/providers/Microsoft.PowerApps/apps/","type":"Microsoft.PowerApps/apps","tags":{"primaryDeviceWidth":"1366","primaryDeviceHeight":"768","supportsPortrait":"true","supportsLandscape":"true","primaryFormFactor":"Tablet","showStatusBar":"true","publisherVersion":"3.24091.13","minimumRequiredApiVersion":"2.2.0","hasComponent":"true","hasUnlockedComponent":"true","isUnifiedRootApp":"false","sienaVersion":"20240914T114408Z-3.24091.13.0"},"properties":{"appVersion":"2024-09-14T11:44:08Z","lifeCycleId":"Published","createdByClientVersion":{"major":3,"minor":24091,"build":13,"revision":0,"majorRevision":0,"minorRevision":0},"minClientVersion":{"major":3,"minor":24091,"build":13,"revision":0,"majorRevision":0,"minorRevision":0},"backgroundColor":"RGBA(0,176,240,1)","backgroundImageUri":"/11121376003187682331/N94cf3c64-79e4-45b4-8389-3fae2f1b14ff-logoSmallFile","displayName":"Hospital Inspection App - Layouts Basics - Vid 21","description":"","commitMessage":"","appUris":{"documentUri":{"value":"/11121376003187682331/N90397f6a-868a-4d6c-8260-12becca76b34-document.msapp"},"imageUris":[],"additionalUris":[{"isSolutionAware":false,"value":"/11121376003187682331/Nf1ffffef-1a2f-4ed7-a510-eef65cb6f2cf-identity.json"}]},"createdTime":"0001-01-01T00:00:00Z","lastModifiedTime":"0001-01-01T00:00:00Z","sharedGroupsCount":0,"sharedUsersCount":0,"connectionReferences":{},"databaseReferences":{"default.cds":{"databaseDetails":{"referenceType":"NotSpecified","environmentName":"default.cds","overrideValues":{"status":"NotSpecified","environmentVariableName":""}},"dataSources":{"Tasks":{"entitySetName":"tasks","logicalName":"task","isHidden":false},"Hospital Inspections":{"entitySetName":"vct_hospitalinspectionses","logicalName":"vct_hospitalinspections","isHidden":false}},"actions":["providers/PowerPlatform.Governance/Operations/Read"]}},"almMode":"Solution","performanceOptimizationEnabled":false,"canConsumeAppPass":false,"enableModernRuntimeMode":false,"executionRestrictions":{"isTeamsOnly":false,"dataLossPreventionEvaluationResult":{"status":"Compliant","lastEvaluationDate":"2024-09-14T11:44:09.9756909Z","violations":[],"violationsByPolicy":[],"violationErrorMessage":"The app uses the following connectors: shared_commondataservice."}}},"appType":"ClassicCanvasApp","appComponents":[]}}