{"schemaVersion":"1.0","appDefinitionTemplate":{"id":"/providers/Microsoft.PowerApps/apps/","type":"Microsoft.PowerApps/apps","tags":{"primaryDeviceWidth":"1366","primaryDeviceHeight":"768","supportsPortrait":"true","supportsLandscape":"true","primaryFormFactor":"Tablet","showStatusBar":"false","publisherVersion":"3.24064.21","minimumRequiredApiVersion":"2.2.0","hasComponent":"false","hasUnlockedComponent":"false","isUnifiedRootApp":"false","sienaVersion":"20240709T220808Z-3.24064.21.0"},"properties":{"appVersion":"2024-07-09T22:08:08Z","lifeCycleId":"Published","createdByClientVersion":{"major":3,"minor":24064,"build":21,"revision":0,"majorRevision":0,"minorRevision":0},"minClientVersion":{"major":3,"minor":24064,"build":21,"revision":0,"majorRevision":0,"minorRevision":0},"backgroundColor":"RGBA(0,176,240,1)","backgroundImageUri":"/11806709365421544042/N02bc313a-bb18-49e4-b31d-abec2be66862-logoSmallFile","displayName":"Catering Business App (Modern Theme in SVGs) - Vid 19 - Tier2","description":"","commitMessage":"","appUris":{"documentUri":{"value":"/11806709365421544042/N24b9a95a-fd9c-43aa-b25d-920470fd03b4-document.msapp"},"imageUris":[],"additionalUris":[{"isSolutionAware":false,"value":"/11806709365421544042/N3c01f4c8-1097-439f-bce4-f8c3537250ec-identity.json"}]},"createdTime":"0001-01-01T00:00:00Z","lastModifiedTime":"0001-01-01T00:00:00Z","sharedGroupsCount":0,"sharedUsersCount":0,"connectionReferences":{},"databaseReferences":{},"almMode":"Solution","performanceOptimizationEnabled":false,"canConsumeAppPass":false,"enableModernRuntimeMode":false,"executionRestrictions":{"isTeamsOnly":false,"dataLossPreventionEvaluationResult":{"status":"Compliant","lastEvaluationDate":"2024-07-01T17:12:37.3217283Z","violations":[],"violationsByPolicy":[],"violationErrorMessage":"The app uses the following connectors: shared_commondataservice."}}},"appType":"ClassicCanvasApp","appComponents":[]}}