{"schemaVersion":"1.0","appDefinitionTemplate":{"id":"/providers/Microsoft.PowerApps/apps/","type":"Microsoft.PowerApps/apps","tags":{"primaryDeviceWidth":"1366","primaryDeviceHeight":"768","supportsPortrait":"true","supportsLandscape":"true","primaryFormFactor":"Tablet","showStatusBar":"false","publisherVersion":"3.23123.14","minimumRequiredApiVersion":"2.2.0","hasComponent":"true","hasUnlockedComponent":"true","isUnifiedRootApp":"false","sienaVersion":"20240111T144604Z-3.23123.14.0","offlineLargeFilesSupport":"false"},"properties":{"appVersion":"2024-01-11T14:46:04Z","lifeCycleId":"Published","createdByClientVersion":{"major":3,"minor":23123,"build":14,"revision":0,"majorRevision":0,"minorRevision":0},"minClientVersion":{"major":3,"minor":23123,"build":14,"revision":0,"majorRevision":0,"minorRevision":0},"backgroundColor":"RGBA(0,176,240,1)","backgroundImageUri":"/10879678506724001425/Nda74c40b-7d52-44e7-9b83-1a4dfb01f95a-logoSmallFile","displayName":"Customer Servicing App (Collapsible Menu - Vid 11)","description":"","commitMessage":"","appUris":{"documentUri":{"value":"/10879678506724001425/Nd41e4f2e-9e97-4e62-b5b7-7f07b082ee13-document.msapp"},"imageUris":[],"additionalUris":[{"isSolutionAware":false,"value":"/10879678506724001425/N9686c9da-b095-4e22-b82a-76c07b39b91e-identity.json"}]},"createdTime":"0001-01-01T00:00:00Z","lastModifiedTime":"0001-01-01T00:00:00Z","sharedGroupsCount":0,"sharedUsersCount":0,"connectionReferences":{},"databaseReferences":{"default.cds":{"databaseDetails":{"referenceType":"Environmental","environmentName":"default.cds","overrideValues":{"status":"NotSpecified","environmentVariableName":""}},"dataSources":{"Construction Products":{"entitySetName":"vct_constructionproductses","logicalName":"vct_constructionproducts"},"Users":{"entitySetName":"systemusers","logicalName":"systemuser"},"Servicing Appointments":{"entitySetName":"vct_servicingappointmentses","logicalName":"vct_servicingappointments"}},"actions":["providers/PowerPlatform.Governance/Operations/Read","providers/PowerPlatform.Governance/Operations/Write"]}},"almMode":"Solution","performanceOptimizationEnabled":true,"canConsumeAppPass":true,"enableModernRuntimeMode":false,"executionRestrictions":{"isTeamsOnly":false,"dataLossPreventionEvaluationResult":{"status":"Compliant","lastEvaluationDate":"2024-01-11T14:42:04.6495139Z","violations":[],"violationsByPolicy":[],"violationErrorMessage":"The app uses the following connectors: shared_commondataservice."}}},"appType":"ClassicCanvasApp","appComponents":[]}}