{"schemaVersion":"1.0","appDefinitionTemplate":{"id":"/providers/Microsoft.PowerApps/apps/","type":"Microsoft.PowerApps/apps","tags":{"primaryDeviceWidth":"1366","primaryDeviceHeight":"768","supportsPortrait":"true","supportsLandscape":"true","primaryFormFactor":"Tablet","showStatusBar":"false","publisherVersion":"3.24021.12","minimumRequiredApiVersion":"2.2.0","hasComponent":"true","hasUnlockedComponent":"true","isUnifiedRootApp":"false","offlineLargeFilesSupport":"false","sienaVersion":"20240221T193313Z-3.24021.12.0"},"properties":{"appVersion":"2024-02-21T19:33:13Z","lifeCycleId":"Published","createdByClientVersion":{"major":3,"minor":24021,"build":12,"revision":0,"majorRevision":0,"minorRevision":0},"minClientVersion":{"major":3,"minor":24021,"build":12,"revision":0,"majorRevision":0,"minorRevision":0},"backgroundColor":"RGBA(0,176,240,1)","backgroundImageUri":"/814172357880703749/Ncf2528a9-9d50-4a9a-948a-a3cf74e992a8-logoSmallFile","displayName":"Item Request System (Copilot App - Vid 13)","description":"","commitMessage":"","appUris":{"documentUri":{"value":"/814172357880703749/N59b87001-cd57-4274-909f-2bd9d277a4d2-document.msapp"},"imageUris":[],"additionalUris":[{"isSolutionAware":false,"value":"/814172357880703749/N047dd30b-f4a2-4ff8-a017-44696a8e0eb7-identity.json"}]},"createdTime":"0001-01-01T00:00:00Z","lastModifiedTime":"0001-01-01T00:00:00Z","sharedGroupsCount":0,"sharedUsersCount":0,"connectionReferences":{},"databaseReferences":{"default.cds":{"databaseDetails":{"referenceType":"Environmental","environmentName":"default.cds","overrideValues":{"status":"NotSpecified","environmentVariableName":""}},"dataSources":{"Item Requests":{"entitySetName":"vct_itemrequestses","logicalName":"vct_itemrequests","isHidden":false},"User Feedback":{"entitySetName":"vct_userfeedback1s","logicalName":"vct_userfeedback1","isHidden":false}},"actions":["providers/PowerPlatform.Governance/Operations/Read","providers/PowerPlatform.Governance/Operations/Write","providers/PowerPlatform.Governance/Operations/Delete"]}},"almMode":"Solution","performanceOptimizationEnabled":true,"canConsumeAppPass":true,"enableModernRuntimeMode":false,"executionRestrictions":{"isTeamsOnly":false,"dataLossPreventionEvaluationResult":{"status":"Compliant","lastEvaluationDate":"2024-02-21T19:31:56.8573244Z","violations":[],"violationsByPolicy":[],"violationErrorMessage":"The app uses the following connectors: shared_commondataservice."}}},"appType":"ClassicCanvasApp","appComponents":[]}}