{"schemaVersion":"1.0","appDefinitionTemplate":{"id":"/providers/Microsoft.PowerApps/apps/","type":"Microsoft.PowerApps/apps","tags":{"primaryDeviceWidth":"1366","primaryDeviceHeight":"768","supportsPortrait":"true","supportsLandscape":"true","primaryFormFactor":"Tablet","showStatusBar":"false","publisherVersion":"3.24013.17","minimumRequiredApiVersion":"2.2.0","hasComponent":"true","hasUnlockedComponent":"true","isUnifiedRootApp":"false","sienaVersion":"20240130T134741Z-3.24013.17.0","offlineLargeFilesSupport":"false"},"properties":{"appVersion":"2024-01-30T13:47:41Z","lifeCycleId":"Published","createdByClientVersion":{"major":3,"minor":24013,"build":17,"revision":0,"majorRevision":0,"minorRevision":0},"minClientVersion":{"major":3,"minor":24013,"build":17,"revision":0,"majorRevision":0,"minorRevision":0},"backgroundColor":"RGBA(0,176,240,1)","backgroundImageUri":"/10058737289547123680/N74047aff-0e4d-486f-a019-028ccc92d7f7-logoSmallFile","displayName":"Customer Servicing App (Multi-Level Navigation Vid 12)","description":"","commitMessage":"","appUris":{"documentUri":{"value":"/10058737289547123680/Nf944357d-b9a5-4da4-8d7e-cca76c937e4c-document.msapp"},"imageUris":[],"additionalUris":[{"isSolutionAware":false,"value":"/10058737289547123680/N12a25ee7-b41c-4b9f-a0af-30bed45139ed-identity.json"}]},"createdTime":"0001-01-01T00:00:00Z","lastModifiedTime":"0001-01-01T00:00:00Z","sharedGroupsCount":0,"sharedUsersCount":0,"connectionReferences":{},"databaseReferences":{"default.cds":{"databaseDetails":{"referenceType":"Environmental","environmentName":"default.cds","overrideValues":{"status":"NotSpecified","environmentVariableName":""}},"dataSources":{"Construction Products":{"entitySetName":"vct_constructionproductses","logicalName":"vct_constructionproducts"},"Users":{"entitySetName":"systemusers","logicalName":"systemuser"},"Servicing Appointments":{"entitySetName":"vct_servicingappointmentses","logicalName":"vct_servicingappointments"}},"actions":["providers/PowerPlatform.Governance/Operations/Read","providers/PowerPlatform.Governance/Operations/Write"]}},"almMode":"Solution","performanceOptimizationEnabled":true,"canConsumeAppPass":true,"enableModernRuntimeMode":false,"executionRestrictions":{"isTeamsOnly":false,"dataLossPreventionEvaluationResult":{"status":"Compliant","lastEvaluationDate":"2024-01-24T11:29:54.7888621Z","violations":[],"violationsByPolicy":[],"violationErrorMessage":"The app uses the following connectors: shared_commondataservice."}}},"appType":"ClassicCanvasApp","appComponents":[]}}