{"schemaVersion":"1.0","appDefinitionTemplate":{"id":"/providers/Microsoft.PowerApps/apps/","type":"Microsoft.PowerApps/apps","tags":{"primaryDeviceWidth":"1366","primaryDeviceHeight":"768","supportsPortrait":"true","supportsLandscape":"true","primaryFormFactor":"Tablet","showStatusBar":"false","publisherVersion":"3.24023.13","minimumRequiredApiVersion":"2.2.0","hasComponent":"true","hasUnlockedComponent":"true","isUnifiedRootApp":"false","offlineLargeFilesSupport":"false","sienaVersion":"20240304T194556Z-3.24023.13.0"},"properties":{"appVersion":"2024-03-04T19:45:56Z","lifeCycleId":"Published","createdByClientVersion":{"major":3,"minor":24023,"build":13,"revision":0,"majorRevision":0,"minorRevision":0},"minClientVersion":{"major":3,"minor":24023,"build":13,"revision":0,"majorRevision":0,"minorRevision":0},"backgroundColor":"RGBA(0,176,240,1)","backgroundImageUri":"/3214855676998549582/Nfc972a62-481a-4b1f-9c9c-a3d15c0e0858-logoSmallFile","displayName":"Item Requests System Full (Copilot App - Vid 14)","description":"","commitMessage":"","appUris":{"documentUri":{"value":"/3214855676998549582/N0d3628c3-e1c1-4cb3-85eb-3797c7293ce3-document.msapp"},"imageUris":[],"additionalUris":[{"isSolutionAware":false,"value":"/3214855676998549582/N15ecf2ca-0b07-4eef-9589-4082adb7a144-identity.json"}]},"createdTime":"0001-01-01T00:00:00Z","lastModifiedTime":"0001-01-01T00:00:00Z","sharedGroupsCount":0,"sharedUsersCount":0,"connectionReferences":{},"databaseReferences":{"default.cds":{"databaseDetails":{"referenceType":"Environmental","environmentName":"default.cds","overrideValues":{"status":"NotSpecified","environmentVariableName":""}},"dataSources":{"Item Requests":{"entitySetName":"vct_itemrequestses","logicalName":"vct_itemrequests","isHidden":false},"User Feedback":{"entitySetName":"vct_userfeedback1s","logicalName":"vct_userfeedback1","isHidden":false}},"actions":["providers/PowerPlatform.Governance/Operations/Read","providers/PowerPlatform.Governance/Operations/Write","providers/PowerPlatform.Governance/Operations/Delete"]}},"almMode":"Solution","performanceOptimizationEnabled":true,"canConsumeAppPass":true,"enableModernRuntimeMode":false,"executionRestrictions":{"isTeamsOnly":false,"dataLossPreventionEvaluationResult":{"status":"Compliant","lastEvaluationDate":"2024-02-17T12:27:29.8294318Z","violations":[],"violationsByPolicy":[],"violationErrorMessage":"The app uses the following connectors: shared_commondataservice."}}},"appType":"ClassicCanvasApp","appComponents":[]}}