{"schemaVersion":"1.0","appDefinitionTemplate":{"id":"/providers/Microsoft.PowerApps/apps/","type":"Microsoft.PowerApps/apps","tags":{"primaryDeviceWidth":"1366","primaryDeviceHeight":"768","supportsPortrait":"true","supportsLandscape":"true","primaryFormFactor":"Tablet","showStatusBar":"true","publisherVersion":"3.24082.13","minimumRequiredApiVersion":"2.2.0","hasComponent":"true","hasUnlockedComponent":"true","isUnifiedRootApp":"false","sienaVersion":"20240821T220540Z-3.24082.13.0"},"properties":{"appVersion":"2024-08-21T22:05:40Z","lifeCycleId":"Published","createdByClientVersion":{"major":3,"minor":24082,"build":13,"revision":0,"majorRevision":0,"minorRevision":0},"minClientVersion":{"major":3,"minor":24082,"build":13,"revision":0,"majorRevision":0,"minorRevision":0},"backgroundColor":"RGBA(0,176,240,1)","backgroundImageUri":"/3618612907211309540/Nafd92658-4a9a-4d01-ba84-d0e705b2fe06-logoSmallFile","displayName":"Hospital Inspection App - Container Basics - Vid 20","description":"","commitMessage":"","appUris":{"documentUri":{"value":"/3618612907211309540/N64610894-07ce-4c2d-9792-70efec56ca2f-document.msapp"},"imageUris":[],"additionalUris":[{"isSolutionAware":false,"value":"/3618612907211309540/N9aa8851b-ef9f-4fd7-a2b5-9e5dc909edc7-identity.json"}]},"createdTime":"0001-01-01T00:00:00Z","lastModifiedTime":"0001-01-01T00:00:00Z","sharedGroupsCount":0,"sharedUsersCount":0,"connectionReferences":{},"databaseReferences":{"default.cds":{"databaseDetails":{"referenceType":"Environmental","environmentName":"default.cds","overrideValues":{"status":"NotSpecified","environmentVariableName":""}},"dataSources":{"Tasks":{"entitySetName":"tasks","logicalName":"task","isHidden":false},"Hospital Inspections":{"entitySetName":"vct_hospitalinspectionses","logicalName":"vct_hospitalinspections","isHidden":false}},"actions":["providers/PowerPlatform.Governance/Operations/Read"]}},"almMode":"Solution","performanceOptimizationEnabled":false,"canConsumeAppPass":false,"enableModernRuntimeMode":false,"executionRestrictions":{"isTeamsOnly":false,"dataLossPreventionEvaluationResult":{"status":"Compliant","lastEvaluationDate":"2024-08-06T10:54:39.9134729Z","violations":[],"violationsByPolicy":[],"violationErrorMessage":"The app uses the following connectors: shared_commondataservice."}}},"appType":"ClassicCanvasApp","appComponents":[]}}