{"schemaVersion":"1.0","appDefinitionTemplate":{"id":"/providers/Microsoft.PowerApps/apps/","type":"Microsoft.PowerApps/apps","tags":{"primaryDeviceWidth":"1366","primaryDeviceHeight":"768","supportsPortrait":"true","supportsLandscape":"true","primaryFormFactor":"Tablet","showStatusBar":"false","publisherVersion":"3.23122.17","minimumRequiredApiVersion":"2.2.0","hasComponent":"true","hasUnlockedComponent":"true","isUnifiedRootApp":"false","sienaVersion":"20240106T110330Z-3.23122.17.0","offlineLargeFilesSupport":"false"},"properties":{"appVersion":"2024-01-06T11:03:30Z","lifeCycleId":"Published","createdByClientVersion":{"major":3,"minor":23122,"build":17,"revision":0,"majorRevision":0,"minorRevision":0},"minClientVersion":{"major":3,"minor":23122,"build":17,"revision":0,"majorRevision":0,"minorRevision":0},"backgroundColor":"RGBA(0,176,240,1)","backgroundImageUri":"/5231869001965729149/Ncda16a52-3d34-4e77-b8b5-b4e2a551a040-logoSmallFile","displayName":"Customer Servicing App (Compact Menu - Vid 10)","description":"","commitMessage":"","appUris":{"documentUri":{"value":"/5231869001965729149/N73456457-8c84-4aae-85dc-0211dcba63b5-document.msapp"},"imageUris":[],"additionalUris":[{"isSolutionAware":false,"value":"/5231869001965729149/Nee7b4c45-e4ff-46f9-8728-ff1cdb8d3075-identity.json"}]},"createdTime":"0001-01-01T00:00:00Z","lastModifiedTime":"0001-01-01T00:00:00Z","sharedGroupsCount":0,"sharedUsersCount":0,"connectionReferences":{},"databaseReferences":{"default.cds":{"databaseDetails":{"referenceType":"Environmental","environmentName":"default.cds","overrideValues":{"status":"NotSpecified","environmentVariableName":""}},"dataSources":{"Construction Products":{"entitySetName":"vct_constructionproductses","logicalName":"vct_constructionproducts"},"Users":{"entitySetName":"systemusers","logicalName":"systemuser"},"Servicing Appointments":{"entitySetName":"vct_servicingappointmentses","logicalName":"vct_servicingappointments"}},"actions":["providers/PowerPlatform.Governance/Operations/Read","providers/PowerPlatform.Governance/Operations/Write"]}},"almMode":"Solution","performanceOptimizationEnabled":true,"canConsumeAppPass":true,"enableModernRuntimeMode":false,"executionRestrictions":{"isTeamsOnly":false,"dataLossPreventionEvaluationResult":{"status":"Compliant","lastEvaluationDate":"2024-01-06T10:58:14.5853299Z","violations":[],"violationsByPolicy":[],"violationErrorMessage":"The app uses the following connectors: shared_commondataservice."}}},"appType":"ClassicCanvasApp","appComponents":[]}}